,FalseSM,TrueSM
0,0.9694050550460815,0.030594997107982635
1,0.9603016972541809,0.039698276668787
2,0.35069119930267334,0.6493088006973267
3,0.9290028810501099,0.07099717855453491
4,0.6607609987258911,0.3392390310764313
5,0.1701655387878418,0.8298344612121582
6,0.9342712759971619,0.06572870165109634
7,0.8848975300788879,0.11510246992111206
8,0.6052435040473938,0.39475658535957336
9,0.46296000480651855,0.5370399355888367
10,0.1749182641506195,0.8250817656517029
11,0.7409389019012451,0.25906112790107727
12,0.8833552002906799,0.11664475500583649
13,0.29785990715026855,0.7021400928497314
14,0.45358985662460327,0.5464101433753967
15,0.3993151783943176,0.6006848216056824
16,0.3226006329059601,0.6773993968963623
17,0.957687497138977,0.04231253266334534
18,0.9120880365371704,0.0879119485616684
19,0.14666113257408142,0.853338897228241
20,0.8546428680419922,0.14535707235336304
21,0.1829862892627716,0.817013680934906
22,0.2179194539785385,0.7820805907249451
23,0.8692874312400818,0.13071252405643463
24,0.5153021812438965,0.4846978485584259
25,0.9532909989356995,0.04670906811952591
26,0.10914549976587296,0.8908544778823853
27,0.2129315584897995,0.7870684862136841
28,0.9609940052032471,0.03900595009326935
29,0.9284121990203857,0.07158784568309784
30,0.8469129204750061,0.15308710932731628
31,0.7427171468734741,0.2572828233242035
32,0.9644644260406494,0.0355355367064476
33,0.19536064565181732,0.8046393394470215
34,0.4407653212547302,0.5592347383499146
35,0.7578942179679871,0.24210578203201294
36,0.2041812539100647,0.7958188056945801
37,0.08402787148952484,0.915972113609314
38,0.9317894577980042,0.06821054220199585
39,0.40929484367370605,0.5907050967216492
40,0.8209652304649353,0.17903472483158112
41,0.1277897208929062,0.8722102642059326
42,0.9640717506408691,0.03592823073267937
43,0.9330330491065979,0.06696700304746628
44,0.7682774066925049,0.2317226231098175
45,0.9211395382881165,0.07886039465665817
46,0.9546849131584167,0.04531516879796982
47,0.7782630324363708,0.22173698246479034
48,0.936326801776886,0.06367319077253342
49,0.27929744124412537,0.7207025289535522
50,0.9606287479400635,0.039371199905872345
51,0.843352735042572,0.15664727985858917
52,0.9255099892616272,0.07449004054069519
53,0.19613242149353027,0.8038675785064697
54,0.9511826038360596,0.048817362636327744
55,0.24575935304164886,0.7542406320571899
56,0.9282596111297607,0.07174039632081985
57,0.7190372943878174,0.2809627950191498
58,0.8526042699813843,0.14739568531513214
59,0.667060375213623,0.33293959498405457
60,0.9656257033348083,0.03437426686286926
61,0.6558207869529724,0.3441792130470276
62,0.8529224395751953,0.1470775604248047
63,0.2063402384519577,0.7936597466468811
64,0.9333889484405518,0.06661109626293182
65,0.9545667767524719,0.045433152467012405
66,0.39369329810142517,0.6063066720962524
67,0.901762068271637,0.09823795408010483
68,0.8255866169929504,0.17441338300704956
69,0.8899856805801392,0.11001432687044144
70,0.9356833696365356,0.06431663781404495
71,0.9611591696739197,0.03884078189730644
72,0.18553608655929565,0.8144639134407043
73,0.7444171905517578,0.25558286905288696
74,0.2886022925376892,0.7113977074623108
75,0.21931235492229462,0.7806876301765442
76,0.951955258846283,0.048044729977846146
77,0.6784464716911316,0.3215535581111908
78,0.9592970013618469,0.040702976286411285
79,0.9059292674064636,0.0940706804394722
80,0.37869733572006226,0.6213027238845825
81,0.9431378841400146,0.05686213821172714
82,0.9024100303649902,0.09758995473384857
83,0.8416311144828796,0.15836885571479797
84,0.8547461032867432,0.14525392651557922
85,0.9510874152183533,0.04891257360577583
86,0.13991087675094604,0.8600891828536987
87,0.15852585434913635,0.841474175453186
88,0.5736888647079468,0.42631110548973083
89,0.950875461101532,0.04912460222840309
90,0.9667346477508545,0.03326529636979103
91,0.11409881711006165,0.885901153087616
92,0.8620767593383789,0.1379232406616211
93,0.1189018040895462,0.8810981512069702
94,0.9026764035224915,0.09732361137866974
95,0.9622740745544434,0.03772591054439545
96,0.2765057682991028,0.723494291305542
97,0.23028410971164703,0.7697158455848694
98,0.16531763970851898,0.8346824049949646
99,0.6408190131187439,0.3591809570789337
100,0.8588314652442932,0.1411684900522232
101,0.8504826426506042,0.14951729774475098
102,0.8143638968467712,0.18563611805438995
103,0.39382997155189514,0.6061700582504272
104,0.9241752028465271,0.07582475990056992
105,0.2485145926475525,0.7514853477478027
106,0.8899038434028625,0.11009614914655685
107,0.46893611550331116,0.5310638546943665
108,0.9582104086875916,0.041789595037698746
109,0.8787066340446472,0.12129335850477219
110,0.08212049305438995,0.9178794622421265
111,0.954585075378418,0.045414961874485016
112,0.8746813535690308,0.12531860172748566
113,0.9052923321723938,0.09470763802528381
114,0.11592845618724823,0.8840715289115906
115,0.431131511926651,0.5688685178756714
116,0.17420019209384918,0.8257997632026672
117,0.9696011543273926,0.030398817732930183
118,0.558815062046051,0.4411848783493042
119,0.13451732695102692,0.8654826879501343
120,0.14315958321094513,0.8568403720855713
121,0.25899454951286316,0.7410054206848145
122,0.09405088424682617,0.9059491157531738
123,0.8989266157150269,0.10107336938381195
124,0.14072659611701965,0.8592734336853027
125,0.5084773302078247,0.4915226101875305
126,0.17393389344215393,0.8260661363601685
127,0.9595441222190857,0.040455933660268784
128,0.9647207856178284,0.03527923673391342
129,0.8408073782920837,0.15919269621372223
130,0.3577105402946472,0.6422895193099976
131,0.70759117603302,0.29240882396698
132,0.31811797618865967,0.6818820238113403
133,0.9010623693466187,0.09893756359815598
134,0.25116509199142456,0.7488349676132202
135,0.942244827747345,0.05775511637330055
136,0.2199345827102661,0.7800654172897339
137,0.7740737795829773,0.2259262204170227
138,0.8593297004699707,0.14067025482654572
139,0.16377650201320648,0.8362235426902771
140,0.955389678478241,0.044610317796468735
141,0.351806640625,0.6481934189796448
142,0.1506209522485733,0.8493790030479431
143,0.38430508971214294,0.6156949400901794
144,0.3538004457950592,0.6461995840072632
145,0.2452438473701477,0.7547562122344971
146,0.9436410069465637,0.05635898560285568
147,0.9169288277626038,0.08307114988565445
148,0.9424120187759399,0.05758799985051155
149,0.9474106431007385,0.05258936807513237
150,0.367535799741745,0.6324642300605774
151,0.9625930786132812,0.03740692883729935
152,0.9256311058998108,0.074368916451931
153,0.9632362723350525,0.036763761192560196
154,0.7709285616874695,0.2290714681148529
155,0.3215375542640686,0.6784624457359314
156,0.9658316373825073,0.03416835516691208
157,0.9574917554855347,0.04250821843743324
158,0.9592708945274353,0.04072913900017738
159,0.9033409357070923,0.09665904194116592
160,0.9684065580368042,0.031593386083841324
161,0.9533712863922119,0.04662877693772316
162,0.9341622591018677,0.06583771854639053
163,0.8776311874389648,0.12236873060464859
164,0.9113012552261353,0.08869881182909012
165,0.8965684175491333,0.1034315899014473
166,0.8586828708648682,0.14131708443164825
167,0.9601730108261108,0.039827022701501846
168,0.7932068109512329,0.2067931443452835
169,0.206988126039505,0.7930118441581726
170,0.38417646288871765,0.6158235669136047
171,0.8855762481689453,0.11442374438047409
172,0.9561781287193298,0.04382184147834778
173,0.5945561528205872,0.40544387698173523
174,0.9105496406555176,0.08945037424564362
175,0.9332606792449951,0.06673935055732727
176,0.6255542635917664,0.37444576621055603
177,0.9220483899116516,0.07795166224241257
178,0.16564896702766418,0.8343510627746582
179,0.31525224447250366,0.6847476959228516
180,0.16639478504657745,0.8336052298545837
181,0.37768295407295227,0.6223170161247253
182,0.9514811635017395,0.04851885139942169
183,0.9668046236038208,0.03319530934095383
184,0.1727975755929947,0.8272023797035217
185,0.4884449541568756,0.5115550756454468
186,0.887158215045929,0.11284179985523224
187,0.894358217716217,0.10564171522855759
188,0.8371536731719971,0.16284629702568054
189,0.9492403864860535,0.05075966566801071
190,0.1757938712835312,0.8242061734199524
191,0.25790151953697205,0.7420984506607056
192,0.9377757906913757,0.06222415342926979
193,0.9623472690582275,0.037652745842933655
194,0.2479182928800583,0.7520816922187805
195,0.17874906957149506,0.8212509751319885
196,0.9162599444389343,0.08374007791280746
197,0.6204110980033875,0.37958893179893494
198,0.6486226320266724,0.35137733817100525
199,0.8814733624458313,0.11852668970823288
200,0.8373812437057495,0.16261881589889526
201,0.8772711753845215,0.12272883951663971
202,0.9377338886260986,0.06226615235209465
203,0.9057339429855347,0.09426602721214294
204,0.962466835975647,0.037533149123191833
205,0.9610129594802856,0.03898702934384346
206,0.9615949392318726,0.03840506449341774
207,0.8110437989234924,0.18895626068115234
208,0.9420148134231567,0.05798523873090744
209,0.8760730624198914,0.12392698973417282
210,0.6174208521842957,0.38257911801338196
211,0.9678744077682495,0.03212564438581467
212,0.754272997379303,0.24572698771953583
213,0.1421251744031906,0.8578748106956482
214,0.7900224328041077,0.20997758209705353
215,0.258381724357605,0.741618275642395
216,0.18574796617031097,0.8142520785331726
217,0.9486707448959351,0.05132920295000076
218,0.8506377935409546,0.1493622213602066
219,0.9534233808517456,0.0465766042470932
220,0.3514567017555237,0.6485432982444763
221,0.08096833527088165,0.9190316796302795
222,0.9686991572380066,0.03130088374018669
223,0.7674225568771362,0.23257742822170258
224,0.5593266487121582,0.440673291683197
225,0.29295453429222107,0.7070454359054565
226,0.23821689188480377,0.7617831230163574
227,0.7039797902107239,0.29602017998695374
228,0.8301432728767395,0.1698567271232605
229,0.810920238494873,0.18907977640628815
230,0.9717566967010498,0.0282432921230793
231,0.9522498846054077,0.047750115394592285
232,0.9305779933929443,0.0694219321012497
233,0.6694797277450562,0.3305202126502991
234,0.9676236510276794,0.03237641602754593
235,0.8772048950195312,0.12279510498046875
236,0.4062355160713196,0.5937644243240356
237,0.9202038645744324,0.07979609817266464
238,0.9034721851348877,0.09652785956859589
239,0.8644537925720215,0.13554611802101135
240,0.9297435283660889,0.0702565461397171
241,0.6509379744529724,0.3490619957447052
242,0.17510753870010376,0.8248924612998962
243,0.4095636010169983,0.5904363989830017
244,0.9316374659538269,0.0683625265955925
245,0.8841462135314941,0.11585378646850586
246,0.8480129837989807,0.1519870162010193
247,0.6582092046737671,0.3417907655239105
248,0.6136060953140259,0.3863939344882965
249,0.8382787108421326,0.161721333861351
250,0.8665324449539185,0.13346748054027557
251,0.4564281702041626,0.5435718297958374
252,0.3476996123790741,0.6523004174232483
253,0.8651683330535889,0.13483171164989471
254,0.948689341545105,0.051310669630765915
255,0.9524547457695007,0.047545284032821655
256,0.19552770256996155,0.8044723272323608
257,0.12131629884243011,0.8786836862564087
258,0.9168065190315247,0.08319348841905594
259,0.8769322037696838,0.12306781858205795
260,0.9486048221588135,0.0513952262699604
261,0.9535273313522339,0.04647267237305641
262,0.9417768716812134,0.05822319909930229
263,0.7268215417861938,0.27317848801612854
264,0.9534780979156494,0.046521931886672974
265,0.4402995705604553,0.5597003698348999
266,0.9472097754478455,0.05279019474983215
267,0.9603046774864197,0.039695367217063904
268,0.2850009500980377,0.7149990200996399
269,0.909114420413971,0.09088557958602905
270,0.9536193609237671,0.04638060927391052
271,0.47312116622924805,0.5268787741661072
272,0.958122968673706,0.04187702387571335
273,0.795932948589325,0.20406702160835266
274,0.8798298835754395,0.12017005681991577
275,0.25895699858665466,0.741042971611023
276,0.9227993488311768,0.07720060646533966
277,0.8376746773719788,0.16232538223266602
278,0.8940893411636353,0.10591067373752594
279,0.7206032872200012,0.279396653175354
280,0.1271924525499344,0.8728076219558716
281,0.8899627327919006,0.11003729701042175
282,0.14674483239650726,0.8532552123069763
283,0.574138343334198,0.425861656665802
284,0.9464045166969299,0.05359550565481186
285,0.9026553630828857,0.09734465926885605
286,0.7851986289024353,0.2148013859987259
287,0.1388683319091797,0.8611316680908203
288,0.753359317779541,0.2466406375169754
289,0.916702389717102,0.08329764008522034
290,0.9171343445777893,0.08286560326814651
291,0.7664783596992493,0.23352167010307312
292,0.33511725068092346,0.6648827195167542
293,0.8864266276359558,0.11357339471578598
294,0.9449895620346069,0.055010419338941574
295,0.24441754817962646,0.7555824518203735
296,0.35776498913764954,0.6422350406646729
297,0.9496364593505859,0.050363555550575256
298,0.18000487983226776,0.8199951648712158
299,0.8191694617271423,0.18083058297634125
300,0.8984183073043823,0.10158167779445648
301,0.10642997175455093,0.893570065498352
302,0.959671676158905,0.04032830893993378
303,0.17838144302368164,0.8216185569763184
304,0.2812767028808594,0.7187232375144958
305,0.8123709559440613,0.1876290887594223
306,0.965586245059967,0.034413740038871765
307,0.932235062122345,0.06776496767997742
308,0.7547951340675354,0.2452048659324646
309,0.13217933475971222,0.867820680141449
310,0.2946242690086365,0.7053757905960083
311,0.9577808976173401,0.04221910983324051
312,0.9363344311714172,0.06366560608148575
313,0.8639224767684937,0.13607744872570038
314,0.9486055374145508,0.051394443958997726
315,0.9662246704101562,0.03377528488636017
316,0.7896661758422852,0.21033379435539246
317,0.9446056485176086,0.055394403636455536
318,0.9163631200790405,0.08363686501979828
319,0.11459364742040634,0.8854063749313354
320,0.8888179659843445,0.11118200421333313
321,0.3648587763309479,0.6351411938667297
322,0.6993715167045593,0.30062851309776306
323,0.1384330689907074,0.861566960811615
324,0.3059561848640442,0.6940438151359558
325,0.8766579031944275,0.12334206700325012
326,0.9550995826721191,0.04490038380026817
327,0.9669240117073059,0.03307603672146797
328,0.9593783020973206,0.04062168300151825
329,0.9299002885818481,0.07009977102279663
330,0.8998742699623108,0.10012572258710861
331,0.19442622363567352,0.8055737614631653
332,0.9225443601608276,0.07745563983917236
333,0.8998775482177734,0.10012241452932358
334,0.6622063517570496,0.3377936780452728
335,0.25134146213531494,0.7486585378646851
336,0.9549716114997864,0.045028407126665115
337,0.1085592731833458,0.891440749168396
338,0.718024492263794,0.2819755971431732
339,0.22544118762016296,0.7745587825775146
340,0.11618244647979736,0.8838176131248474
341,0.22971180081367493,0.7702882289886475
342,0.88099205493927,0.11900798976421356
343,0.1107821837067604,0.8892178535461426
344,0.9223304986953735,0.07766949385404587
345,0.7723528742790222,0.22764717042446136
346,0.7140934467315674,0.28590652346611023
347,0.5737205743789673,0.4262794852256775
348,0.18872684240341187,0.8112731575965881
349,0.32792937755584717,0.6720706224441528
350,0.4940185844898224,0.5059813857078552
351,0.13009381294250488,0.8699061870574951
352,0.20561730861663818,0.7943826913833618
353,0.759700357913971,0.24029962718486786
354,0.702221155166626,0.297778844833374
355,0.9108359813690186,0.08916408568620682
356,0.4050297737121582,0.5949702262878418
357,0.33002883195877075,0.6699711084365845
358,0.5492768883705139,0.45072314143180847
359,0.9620778560638428,0.03792212903499603
360,0.28085675835609436,0.7191432118415833
361,0.8077643513679504,0.19223561882972717
362,0.8972181081771851,0.10278188437223434
363,0.7228028774261475,0.2771971523761749
364,0.0793519914150238,0.9206480383872986
365,0.967751681804657,0.03224832937121391
366,0.08109014481306076,0.9189099073410034
367,0.8306746482849121,0.1693253517150879
368,0.8709200620651245,0.12907996773719788
369,0.8534491658210754,0.14655089378356934
370,0.9249809384346008,0.07501908391714096
371,0.9433825016021729,0.05661749839782715
372,0.09497947990894318,0.905020534992218
373,0.9596213698387146,0.04037866368889809
374,0.26017600297927856,0.7398239970207214
375,0.9365284442901611,0.06347156316041946
376,0.95707768201828,0.04292231798171997
377,0.19823458790779114,0.8017654418945312
378,0.9629484415054321,0.037051573395729065
379,0.5829554796218872,0.4170444905757904
380,0.9536980390548706,0.04630196467041969
381,0.9172797799110413,0.08272020518779755
382,0.27651193737983704,0.7234880328178406
383,0.30515608191490173,0.6948439478874207
384,0.8859272003173828,0.11407283693552017
385,0.538426399230957,0.46157360076904297
386,0.9480335712432861,0.051966410130262375
387,0.92928147315979,0.07071848958730698
388,0.6634615659713745,0.3365384340286255
389,0.8718885779380798,0.12811143696308136
390,0.10859476029872894,0.8914052248001099
391,0.8668435215950012,0.13315646350383759
392,0.9433049559593201,0.05669510364532471
393,0.864871084690094,0.1351289302110672
394,0.7251870036125183,0.2748129963874817
395,0.4893386662006378,0.5106613636016846
396,0.252309113740921,0.7476909160614014
397,0.7798303961753845,0.22016961872577667
398,0.902012288570404,0.09798765182495117
399,0.9446185827255249,0.05538145825266838
400,0.9600845575332642,0.039915453642606735
401,0.5739765167236328,0.4260234832763672
402,0.900451123714447,0.09954885393381119
403,0.7448093891143799,0.2551906108856201
404,0.9282205104827881,0.07177946716547012
405,0.9704002141952515,0.029599850997328758
406,0.32689666748046875,0.6731033325195312
407,0.5402219891548157,0.45977795124053955
408,0.7453891038894653,0.25461092591285706
409,0.9547175765037537,0.045282356441020966
410,0.9388763904571533,0.06112365797162056
411,0.8489297032356262,0.1510702669620514
412,0.16845110058784485,0.8315489292144775
413,0.9605041146278381,0.03949590399861336
414,0.9688987135887146,0.03110121190547943
415,0.8706560134887695,0.12934400141239166
416,0.1930525004863739,0.8069474697113037
417,0.9642287492752075,0.03577126935124397
418,0.2370932251214981,0.7629067897796631
419,0.9588465690612793,0.04115345701575279
420,0.8605161309242249,0.13948383927345276
421,0.630115270614624,0.369884729385376
422,0.9455706477165222,0.054429348558187485
423,0.9503887295722961,0.049611229449510574
424,0.8045355081558228,0.19546449184417725
425,0.1698424518108368,0.8301575779914856
426,0.9002166986465454,0.0997832864522934
427,0.7238646149635315,0.27613532543182373
428,0.8960595726966858,0.1039404347538948
429,0.4068160057067871,0.5931840538978577
430,0.8736111521720886,0.12638890743255615
431,0.6817261576652527,0.3182738125324249
432,0.821590006351471,0.17841002345085144
433,0.08786894381046295,0.9121310114860535
434,0.9636140465736389,0.03638596087694168
435,0.10485531389713287,0.8951447010040283
436,0.7899886965751648,0.2100113183259964
437,0.806204617023468,0.1937953680753708
438,0.805300235748291,0.1946997344493866
439,0.6184120774269104,0.3815878927707672
440,0.820769727230072,0.17923027276992798
441,0.9579170346260071,0.042082980275154114
442,0.8861384987831116,0.11386145651340485
443,0.9678341746330261,0.0321657657623291
444,0.9379425048828125,0.062057506293058395
445,0.5461239218711853,0.4538760185241699
446,0.9517512321472168,0.04824880510568619
447,0.5350428819656372,0.4649570882320404
448,0.20590636134147644,0.7940936088562012
449,0.6903087496757507,0.30969125032424927
450,0.8799557685852051,0.12004420906305313
451,0.24665208160877228,0.7533479928970337
452,0.1718876212835312,0.8281124234199524
453,0.15796157717704773,0.8420385122299194
454,0.8996071219444275,0.1003928855061531
455,0.9599149823188782,0.04008498787879944
456,0.22332251071929932,0.7766774892807007
457,0.9692785739898682,0.030721383169293404
458,0.9582961201667786,0.04170390963554382
459,0.9631525278091431,0.03684744983911514
460,0.7052568197250366,0.29474321007728577
461,0.8323884606361389,0.16761146485805511
462,0.8759804964065552,0.12401958554983139
463,0.30608129501342773,0.6939187049865723
464,0.9622679948806763,0.03773202374577522
465,0.9309931993484497,0.06900683045387268
466,0.11010051518678665,0.889899492263794
467,0.7381983995437622,0.2618016302585602
468,0.3313407599925995,0.6686592102050781
469,0.57390296459198,0.42609700560569763
470,0.9653341770172119,0.034665875136852264
471,0.31618592143058777,0.6838141083717346
472,0.8628174662590027,0.1371825933456421
473,0.8425818681716919,0.1574181169271469
474,0.8900247812271118,0.10997523367404938
475,0.9308589696884155,0.06914102286100388
476,0.6569190621376038,0.34308093786239624
477,0.21087892353534698,0.7891210913658142
478,0.9344160556793213,0.06558390706777573
479,0.7027847766876221,0.29721516370773315
480,0.3493228256702423,0.6506771445274353
481,0.9278969764709473,0.07210300117731094
482,0.5960509777069092,0.4039490222930908
483,0.4847346544265747,0.5152654051780701
484,0.972493588924408,0.02750643528997898
485,0.9063663482666016,0.09363363683223724
486,0.9668466448783875,0.033153411000967026
487,0.8175629377365112,0.18243703246116638
488,0.1369277983903885,0.8630722165107727
489,0.07258549332618713,0.9274145364761353
490,0.9372251033782959,0.0627748891711235
491,0.9276497960090637,0.07235022634267807
492,0.8838945031166077,0.11610548943281174
493,0.8699764013290405,0.13002365827560425
494,0.14080914855003357,0.859190821647644
495,0.9174386858940125,0.08256129175424576
496,0.8682734966278076,0.13172654807567596
497,0.10034880042076111,0.8996512293815613
498,0.17453999817371368,0.8254600167274475
499,0.8913354873657227,0.10866447538137436
500,0.21799102425575256,0.7820090055465698
501,0.9234629273414612,0.07653701305389404
502,0.789065420627594,0.2109345942735672
503,0.8931275606155396,0.10687237232923508
504,0.9251960515975952,0.07480403780937195
505,0.7609235048294067,0.23907648026943207
506,0.3092881739139557,0.6907117962837219
507,0.9256964921951294,0.0743035152554512
508,0.9407051205635071,0.05929485708475113
509,0.9581689238548279,0.04183110222220421
510,0.2304908186197281,0.7695091962814331
511,0.13469034433364868,0.8653096556663513
512,0.12028567492961884,0.87971431016922
513,0.2587708532810211,0.7412291169166565
514,0.9654378294944763,0.03456219658255577
515,0.956929624080658,0.04307035356760025
516,0.132790669798851,0.8672093749046326
517,0.9625407457351685,0.03745925426483154
518,0.9056432247161865,0.09435684233903885
519,0.8544817566871643,0.1455182582139969
520,0.8840590119361877,0.11594102531671524
521,0.8986127972602844,0.10138721019029617
522,0.8346180319786072,0.1653820276260376
523,0.9616066217422485,0.03839336708188057
524,0.25509539246559143,0.744904637336731
525,0.08407305926084518,0.9159268736839294
526,0.9070007801055908,0.09299922734498978
527,0.9613451361656189,0.03865485265851021
528,0.9555599093437195,0.044440098106861115
529,0.09389416873455048,0.9061058163642883
530,0.849394679069519,0.15060536563396454
531,0.9519942998886108,0.04800570756196976
532,0.87359219789505,0.12640780210494995
533,0.9462153911590576,0.05378462001681328
534,0.8949540853500366,0.10504590719938278
535,0.5873627662658691,0.41263720393180847
536,0.9539826512336731,0.04601730778813362
537,0.9155344367027283,0.08446557074785233
538,0.9039514660835266,0.09604854881763458
539,0.1895603984594345,0.8104396462440491
540,0.7911559343338013,0.2088441103696823
541,0.9378554821014404,0.06214451417326927
542,0.7744598984718323,0.22554011642932892
543,0.6416404843330383,0.35835954546928406
544,0.8249097466468811,0.1750902384519577
545,0.08119594305753708,0.9188039898872375
546,0.5977349877357483,0.4022650122642517
547,0.9474871754646301,0.05251277610659599
548,0.3269563913345337,0.6730436086654663
549,0.36470070481300354,0.6352992057800293
550,0.4254406690597534,0.5745592713356018
551,0.18509379029273987,0.8149062395095825
552,0.7303322553634644,0.26966768503189087
553,0.9586761593818665,0.04132381081581116
554,0.5772566199302673,0.42274338006973267
555,0.0920090600848198,0.9079909920692444
556,0.874248206615448,0.125751793384552
557,0.9492194056510925,0.05078059807419777
558,0.8776889443397522,0.1223110556602478
559,0.9549556970596313,0.04504423588514328
560,0.9290408492088318,0.0709591954946518
561,0.10685522109270096,0.8931447863578796
562,0.9250633716583252,0.07493659853935242
563,0.8901054263114929,0.10989464074373245
564,0.8614224195480347,0.13857759535312653
565,0.8507675528526306,0.1492324322462082
566,0.9615483283996582,0.03845173493027687
567,0.24134495854377747,0.7586550116539001
568,0.3805524408817291,0.6194475889205933
569,0.783560037612915,0.21643999218940735
570,0.6986986398696899,0.30130138993263245
571,0.35268646478652954,0.6473135352134705
572,0.9565711617469788,0.043428827077150345
573,0.7213363647460938,0.27866366505622864
574,0.9586008787155151,0.041399095207452774
575,0.09609823673963547,0.9039017558097839
576,0.8447439074516296,0.15525610744953156
577,0.14484113454818726,0.8551588654518127
578,0.7294840216636658,0.27051597833633423
579,0.5028781890869141,0.4971217215061188
580,0.9500077962875366,0.04999219998717308
581,0.7942055463790894,0.20579440891742706
582,0.24589267373085022,0.7541073560714722
583,0.14797164499759674,0.8520283699035645
584,0.32710254192352295,0.672897458076477
585,0.3437947928905487,0.6562051773071289
586,0.9650435447692871,0.03495649993419647
587,0.13279254734516144,0.8672074675559998
588,0.12104190140962601,0.8789581060409546
589,0.1699388176202774,0.830061137676239
590,0.8657109141349792,0.13428907096385956
591,0.9619362950325012,0.0380636602640152
592,0.9302736520767212,0.0697263553738594
593,0.8804967403411865,0.1195032075047493
594,0.5039620399475098,0.496038019657135
595,0.8849045038223267,0.11509553343057632
596,0.9592360854148865,0.04076384752988815
597,0.9535558223724365,0.04644421860575676
598,0.20594199001789093,0.7940579652786255
599,0.747586190700531,0.2524137496948242
600,0.8919084668159485,0.10809150338172913
601,0.9261016249656677,0.07389841228723526
602,0.9446782469749451,0.05532175302505493
603,0.5394543409347534,0.46054568886756897
604,0.07797160744667053,0.9220284223556519
605,0.6180853247642517,0.3819146454334259
606,0.9539474844932556,0.04605245590209961
607,0.9444624781608582,0.05553758516907692
608,0.17080049216747284,0.829199492931366
609,0.7802155017852783,0.21978448331356049
610,0.9668489694595337,0.033150993287563324
611,0.2651109993457794,0.7348889708518982
612,0.1816246062517166,0.8183754086494446
613,0.9057003259658813,0.09429968148469925
614,0.159596249461174,0.8404037952423096
615,0.9346795678138733,0.06532041728496552
616,0.22975671291351318,0.7702432870864868
617,0.8919204473495483,0.10807954519987106
618,0.9122266173362732,0.08777335286140442
619,0.9644446969032288,0.03555532917380333
620,0.2000889629125595,0.7999110221862793
621,0.5149030685424805,0.48509690165519714
622,0.14550693333148956,0.8544930815696716
623,0.18800857663154602,0.8119914531707764
624,0.1362679898738861,0.8637320399284363
625,0.884663999080658,0.11533594131469727
626,0.9255013465881348,0.07449864596128464
627,0.9157310128211975,0.0842689648270607
628,0.10320743918418884,0.8967925310134888
629,0.9007975459098816,0.09920242428779602
630,0.10368344932794571,0.8963165879249573
631,0.09627176076173782,0.9037282466888428
632,0.11845988780260086,0.8815401196479797
633,0.4258953928947449,0.5741045475006104
634,0.946819543838501,0.0531805120408535
635,0.7454339265823364,0.25456613302230835
636,0.9408952593803406,0.05910472944378853
637,0.8944423198699951,0.1055576279759407
638,0.1200326606631279,0.8799673318862915
639,0.43255022168159485,0.567449688911438
640,0.12426924705505371,0.8757307529449463
641,0.9414129853248596,0.05858698859810829
642,0.6844161748886108,0.3155837953090668
643,0.9499580264091492,0.05004194378852844
644,0.9016624093055725,0.0983375534415245
645,0.9609534740447998,0.039046499878168106
646,0.1651693433523178,0.834830641746521
647,0.6924818754196167,0.3075181245803833
648,0.8145900368690491,0.18540997803211212
649,0.8857829570770264,0.11421705037355423
650,0.7279417514801025,0.2720582187175751
651,0.717484712600708,0.282515287399292
652,0.9567115902900696,0.04328835755586624
653,0.21706591546535492,0.7829340696334839
654,0.11097004264593124,0.8890299201011658
655,0.3075339198112488,0.692466139793396
656,0.9678271412849426,0.032172877341508865
657,0.1841532588005066,0.8158467411994934
658,0.958828866481781,0.0411711223423481
659,0.9136320948600769,0.08636786043643951
660,0.2163153737783432,0.7836846113204956
661,0.9328673481941223,0.0671326294541359
662,0.9348958134651184,0.0651041641831398
663,0.9542914032936096,0.045708585530519485
664,0.7890155911445618,0.21098436415195465
665,0.9293702244758606,0.07062983512878418
666,0.11296272277832031,0.8870372772216797
667,0.15487565100193024,0.845124363899231
668,0.9609690308570862,0.03903098404407501
669,0.943166971206665,0.05683309584856033
670,0.9611231684684753,0.03887682408094406
671,0.4254547953605652,0.5745452046394348
672,0.8959887027740479,0.10401126742362976
673,0.8816440105438232,0.11835601925849915
674,0.2040059119462967,0.7959941029548645
675,0.48973366618156433,0.5102663040161133
676,0.6403203010559082,0.3596796691417694
677,0.1452092081308365,0.8547907471656799
678,0.8892063498497009,0.11079366505146027
679,0.8590267300605774,0.1409732699394226
680,0.25957345962524414,0.7404265403747559
681,0.8879660964012146,0.112033911049366
682,0.9302455186843872,0.06975444406270981
683,0.9589747786521912,0.041025206446647644
684,0.9120126962661743,0.0879872590303421
685,0.9473379254341125,0.052662063390016556
686,0.9159404039382935,0.08405963331460953
687,0.09358201175928116,0.906417965888977
688,0.7718123197555542,0.228187695145607
689,0.428140789270401,0.5718591809272766
690,0.7337632775306702,0.26623669266700745
691,0.31446975469589233,0.6855303049087524
692,0.8074051737785339,0.19259485602378845
693,0.23895934224128723,0.7610406875610352
694,0.5332499742507935,0.46674996614456177
695,0.9187952280044556,0.08120473474264145
696,0.939422070980072,0.06057790294289589
697,0.943250298500061,0.056749697774648666
698,0.1737481653690338,0.8262518644332886
699,0.9315356612205505,0.06846433132886887
700,0.7410123944282532,0.25898757576942444
701,0.9532212018966675,0.046778786927461624
702,0.9558913707733154,0.04410869628190994
703,0.938369631767273,0.06163037568330765
704,0.8929165601730347,0.10708347707986832
705,0.9539051055908203,0.04609495401382446
706,0.944624662399292,0.05537538602948189
707,0.28133687376976013,0.7186630964279175
708,0.2910217046737671,0.7089782357215881
709,0.9604396820068359,0.03956034407019615
710,0.4170159101486206,0.5829840898513794
711,0.7085632681846619,0.29143673181533813
712,0.847964882850647,0.15203510224819183
713,0.9161956906318665,0.08380434662103653
714,0.29541876912117004,0.7045812010765076
715,0.9285181164741516,0.07148183882236481
716,0.9208645224571228,0.0791354775428772
717,0.9367353916168213,0.06326457858085632
718,0.17545194923877716,0.824548065662384
719,0.955801248550415,0.04419877007603645
720,0.8295769095420837,0.17042307555675507
721,0.1526428461074829,0.8473571538925171
722,0.5383318066596985,0.4616681635379791
723,0.8563488721847534,0.1436510980129242
724,0.6983667612075806,0.3016332685947418
725,0.16432327032089233,0.8356767296791077
726,0.9168740510940552,0.08312591910362244
727,0.6069985032081604,0.3930014669895172
728,0.1326010674238205,0.8673989176750183
729,0.8877694606781006,0.11223059147596359
730,0.23614166676998138,0.7638583183288574
731,0.21657733619213104,0.7834226489067078
732,0.13687586784362793,0.8631241917610168
733,0.7186175584793091,0.2813824713230133
734,0.944305956363678,0.05569407716393471
735,0.24430489540100098,0.755695104598999
736,0.3002988398075104,0.6997011303901672
737,0.9299075603485107,0.07009239494800568
738,0.9090996384620667,0.09090036153793335
739,0.1521936058998108,0.8478063344955444
740,0.21318411827087402,0.7868159413337708
741,0.9353994727134705,0.06460060179233551
742,0.8911051154136658,0.10889488458633423
743,0.9242249727249146,0.07577505707740784
744,0.8405232429504395,0.15947674214839935
745,0.6830792427062988,0.3169206976890564
746,0.26387903094291687,0.7361209988594055
747,0.2546282708644867,0.7453716397285461
748,0.7896002531051636,0.21039976179599762
749,0.7431730628013611,0.2568269670009613
750,0.9434137940406799,0.05658617988228798
751,0.19498732686042786,0.8050127029418945
752,0.11042927205562592,0.8895707130432129
753,0.13972242176532745,0.8602775931358337
754,0.9703336358070374,0.02966637909412384
755,0.09601404517889023,0.9039859175682068
756,0.1364821493625641,0.8635178804397583
757,0.8247410655021667,0.17525894939899445
758,0.8094601035118103,0.1905399113893509
759,0.9146295189857483,0.08537046611309052
760,0.8860539197921753,0.11394615471363068
761,0.9509761333465576,0.049023836851119995
762,0.9092559218406677,0.09074408560991287
763,0.9606248140335083,0.03937516361474991
764,0.8867594003677368,0.11324061453342438
765,0.7123578190803528,0.2876422107219696
766,0.10609793663024902,0.8939021229743958
767,0.33778831362724304,0.6622117161750793
768,0.8341909050941467,0.16580910980701447
769,0.9580550193786621,0.041944969445466995
770,0.08486762642860413,0.9151323437690735
771,0.9535669088363647,0.046433091163635254
772,0.7587453126907349,0.24125468730926514
773,0.732850193977356,0.26714977622032166
774,0.9334983229637146,0.06650172173976898
775,0.9603241086006165,0.03967592492699623
776,0.8525869250297546,0.14741307497024536
777,0.810496985912323,0.1895029991865158
778,0.9368327856063843,0.06316722929477692
779,0.9286169409751892,0.07138311862945557
780,0.37191832065582275,0.6280816793441772
781,0.24719803035259247,0.7528019547462463
782,0.948026716709137,0.05197326838970184
783,0.14144514501094818,0.8585548400878906
784,0.08980013430118561,0.9101998805999756
785,0.9044943451881409,0.09550562500953674
786,0.9664179086685181,0.03358203545212746
787,0.32477205991744995,0.67522794008255
788,0.30115431547164917,0.6988456845283508
789,0.6923542022705078,0.3076458275318146
790,0.9546003937721252,0.04539959132671356
791,0.9335320591926575,0.06646792590618134
792,0.27158766984939575,0.728412389755249
793,0.9520232081413269,0.04797675460577011
794,0.9524363875389099,0.04756363108754158
795,0.9694357514381409,0.030564242973923683
796,0.7989980578422546,0.20100192725658417
797,0.8605009317398071,0.13949909806251526
798,0.9615090489387512,0.038490962237119675
799,0.4543539881706238,0.5456460118293762
800,0.9088336229324341,0.0911664217710495
801,0.8849780559539795,0.11502189934253693
802,0.5684711933135986,0.43152883648872375
803,0.06952158361673355,0.9304783940315247
804,0.948049008846283,0.05195097625255585
805,0.8909002542495728,0.10909977555274963
806,0.90595942735672,0.09404062479734421
807,0.16601485013961792,0.8339851498603821
808,0.9588652849197388,0.04113473743200302
809,0.6450771689414978,0.3549228310585022
810,0.7794162631034851,0.2205837368965149
811,0.32549723982810974,0.6745027303695679
812,0.8837321400642395,0.11626783013343811
813,0.2933167815208435,0.7066832780838013
814,0.8811588883399963,0.11884108185768127
815,0.9714224934577942,0.0285775326192379
816,0.917506217956543,0.08249379694461823
817,0.1610172986984253,0.8389827013015747
818,0.6642187237739563,0.3357813358306885
819,0.880316972732544,0.11968301236629486
820,0.11277708411216736,0.8872228860855103
821,0.44818446040153503,0.5518155097961426
822,0.09036869555711746,0.9096313118934631
823,0.9357786178588867,0.0642213448882103
824,0.3939862847328186,0.6060137152671814
825,0.10716256499290466,0.8928374648094177
826,0.9051705002784729,0.09482952952384949
827,0.9577734470367432,0.04222657531499863
828,0.9525620341300964,0.04743792489171028
829,0.24186144769191742,0.7581385970115662
830,0.12834660708904266,0.8716533780097961
831,0.953004002571106,0.046995971351861954
832,0.9515349864959717,0.04846498742699623
833,0.14759919047355652,0.8524008393287659
834,0.9605172276496887,0.039482735097408295
835,0.8896478414535522,0.11035214364528656
836,0.49994802474975586,0.5000519752502441
837,0.41235262155532837,0.5876474380493164
838,0.09285977482795715,0.9071402549743652
839,0.9522940516471863,0.04770592600107193
840,0.34881308674812317,0.6511868834495544
841,0.5024251937866211,0.4975747764110565
842,0.6686904430389404,0.33130955696105957
843,0.36043214797973633,0.6395678520202637
844,0.287706583738327,0.7122933864593506
845,0.05893668159842491,0.9410632848739624
846,0.9619491100311279,0.03805093839764595
847,0.7374964952468872,0.2625034749507904
848,0.8392481803894043,0.16075174510478973
849,0.9340122938156128,0.06598774343729019
850,0.2530275881290436,0.7469724416732788
851,0.9462265968322754,0.053773410618305206
852,0.8593665957450867,0.14063343405723572
853,0.720154345035553,0.27984559535980225
854,0.06839185208082199,0.9316081404685974
855,0.7024554014205933,0.29754459857940674
856,0.8976075053215027,0.10239250212907791
857,0.13493476808071136,0.8650651574134827
858,0.10863801836967468,0.8913620114326477
859,0.9197793006896973,0.08022067695856094
860,0.8123629689216614,0.18763698637485504
861,0.20698773860931396,0.7930123209953308
862,0.15712203085422516,0.842877984046936
863,0.9640638828277588,0.0359361469745636
864,0.9561782479286194,0.0438217855989933
865,0.6445497870445251,0.35545021295547485
866,0.9333218336105347,0.06667811423540115
867,0.9198007583618164,0.080199234187603
868,0.8163884282112122,0.18361157178878784
869,0.12710289657115936,0.8728971481323242
870,0.1158922016620636,0.8841078281402588
871,0.9398201107978821,0.06017986685037613
872,0.1919764131307602,0.8080235719680786
873,0.10334272682666779,0.8966572880744934
874,0.1650625318288803,0.8349374532699585
875,0.7141068577766418,0.28589320182800293
876,0.8949614763259888,0.10503853112459183
877,0.06789625436067581,0.93210369348526
878,0.8747910261154175,0.12520895898342133
879,0.8581224679946899,0.14187753200531006
880,0.8405309319496155,0.15946905314922333
881,0.4556664228439331,0.5443335771560669
882,0.9164168834686279,0.08358306437730789
883,0.929961621761322,0.07003840059041977
884,0.832173764705658,0.16782620549201965
885,0.13533562421798706,0.8646643757820129
886,0.953932523727417,0.04606744647026062
887,0.9373572468757629,0.06264273822307587
888,0.9075903296470642,0.0924096554517746
889,0.9644705653190613,0.0355294793844223
890,0.8971115946769714,0.10288839042186737
891,0.749451756477356,0.25054827332496643
892,0.9674298167228699,0.03257019817829132
893,0.9035881757736206,0.09641186892986298
894,0.824137270450592,0.17586274445056915
895,0.7790254354476929,0.2209746390581131
896,0.2697574198246002,0.7302426099777222
897,0.9487920999526978,0.051207881420850754
898,0.878013551235199,0.1219865009188652
899,0.9167689085006714,0.083231121301651
